1,濱田,信太郎,ハマダ,シンタロウ,Hamada,Shintarou,M,0982222503,08081880682,shintarou34734@ndbezezcav.uap,882-0815,宮崎県,延岡市,柳沢町,4-16-7,パーク柳沢町304,1998/12/28
2,松島,杏子,マツシマ,キョウコ,Matsushima,Kyouko,F,0840654201,08052057859,Kyouko_Matsushima@deywehmn.nne,730-0812,広島県,広島市中区,加古町,1-3-14,グリーン加古町300,1976/06/08
3,小坂,未来,オサカ,ミライ,Osaka,Mirai,F,0865382053,09075662154,mirai4705@ubhronlb.az.wq,708-0857,岡山県,津山市,福力,2-14-7,福力タワー400,1990/10/27
4,小沼,誠司,オヌマ,セイジ,Onuma,Seiji,M,0887219223,09088682474,ionuma@pbqwehpxjp.kupw.qqf,779-0312,徳島県,鳴門市,大麻町東馬詰,4-12-17,メゾン大麻町東馬詰402,1965/01/24
5,出口,史斗,デクチ,フミト,Dekuchi,Fumito,M,0767863492,08051810078,tqx-ehcwjtcfumito5217@cvbkaxlnf.tdwb.bmd,920-1111,石川県,金沢市,魚帰町,3-19-16,,1997/06/06
6,沼田,佳那子,ヌマタ,カナコ,Numata,Kanako,F,0111985801,09082307403,kanako_numata@yphtt.yr,080-0564,北海道,河東郡音更町,駒場北１条通,1-7,,1966/01/26
7,竹原,真紗子,タケハラ,マサコ,Takehara,Masako,F,0858960636,08041911441,masako99479@riukqpuk.ycs,689-2316,鳥取県,東伯郡琴浦町,下伊勢,4-14-9,下伊勢コーポ208,1984/07/27
8,谷川,晴華,タニガワ,ハルカ,Tanigawa,Haruka,F,0282264503,09014819205,haruka914@ixlj.kph,320-0804,栃木県,宇都宮市,二荒町,2-2-6,ヴィレッジ二荒町409,1999/04/24
9,今川,孝義,イマガワ,タカヨシ,Imagawa,Takayoshi,M,0583101074,08062989838,takayoshi5583@ihnyuaad.pitu.lf,500-8288,岐阜県,岐阜市,中鶉,3-5-17,,1982/01/22
10,宮田,秋男,ミヤタ,アキオ,Miyata,Akio,M,076596978,08069011308,omiyata@zmrkt.zvmz.vg,939-1362,富山県,砺波市,鍋島,1-1-3,,1969/03/10